epoch,time,train/box_loss,train/seg_loss,train/cls_loss,train/dfl_loss,train/sem_loss,metrics/precision(B),metrics/recall(B),metrics/mAP50(B),metrics/mAP50-95(B),metrics/precision(M),metrics/recall(M),metrics/mAP50(M),metrics/mAP50-95(M),val/box_loss,val/seg_loss,val/cls_loss,val/dfl_loss,val/sem_loss,lr/pg0,lr/pg1,lr/pg2
1,31.6986,0.49418,0.6377,0.71353,0.95897,0,0.99927,0.97143,0.99016,0.88104,0.99927,0.97143,0.99016,0.93744,0.54181,0.24982,0.5071,1.18763,0,0.000331407,0.000331407,0.0671908
2,60.644,0.39462,0.31446,0.37064,0.90217,0,0.99989,1,0.995,0.92199,0.99989,1,0.995,0.95706,0.4154,0.12936,0.37957,1.10654,0,0.000660353,0.000660353,0.0341864
3,89.1814,0.38594,0.27809,0.33887,0.90092,0,0.99357,1,0.995,0.95551,0.99357,1,0.995,0.98895,0.28053,0.13429,0.32114,0.96066,0,0.000984899,0.000984899,0.00117758
4,117.458,0.37396,0.27792,0.31508,0.89354,0,0.99642,1,0.995,0.97418,0.99642,1,0.995,0.97564,0.30832,0.13166,0.35014,0.98765,0,0.0009802,0.0009802,0.0009802
5,144.217,0.36016,0.24673,0.29632,0.89167,0,0.98588,0.99776,0.99472,0.95885,0.98588,0.99776,0.99472,0.98147,0.31587,0.13444,0.26134,0.99901,0,0.0009736,0.0009736,0.0009736
6,171.048,0.34909,0.27588,0.28299,0.88288,0,0.9949,1,0.995,0.97008,0.98069,0.98571,0.982,0.96326,0.25933,0.11487,0.39222,0.92969,0,0.000967,0.000967,0.000967
7,198.056,0.36654,0.25757,0.29411,0.89833,0,1,0.98114,0.99253,0.9707,1,0.98114,0.99253,0.97417,0.23399,0.10345,0.24965,0.92905,0,0.0009604,0.0009604,0.0009604
8,225.186,0.33528,0.22943,0.26065,0.87578,0,0.99801,1,0.995,0.97485,0.99801,1,0.995,0.98936,0.25354,0.08192,0.26151,0.92463,0,0.0009538,0.0009538,0.0009538
9,252.413,0.33255,0.22138,0.26011,0.87691,0,0.99384,0.98571,0.99409,0.99014,0.99384,0.98571,0.99409,0.99149,0.17155,0.0927,0.2559,0.88684,0,0.0009472,0.0009472,0.0009472
10,279.845,0.31556,0.22262,0.24198,0.87101,0,0.98975,1,0.995,0.9873,0.98975,1,0.995,0.995,0.18497,0.0632,0.18021,0.89476,0,0.0009406,0.0009406,0.0009406
11,307.25,0.3126,0.1965,0.2386,0.87176,0,0.9993,1,0.995,0.98996,0.9993,1,0.995,0.994,0.24476,0.09998,0.21759,0.92861,0,0.000934,0.000934,0.000934
12,334.807,0.30932,0.2002,0.23875,0.86747,0,1,0.99932,0.995,0.98568,1,0.99932,0.995,0.99061,0.18386,0.07816,0.17134,0.90805,0,0.0009274,0.0009274,0.0009274
13,362.436,0.30118,0.19435,0.2319,0.86511,0,0.99286,1,0.995,0.99083,0.99286,1,0.995,0.992,0.18559,0.08351,0.21428,0.89637,0,0.0009208,0.0009208,0.0009208
14,390.079,0.29495,0.19431,0.22966,0.8667,0,0.99826,1,0.995,0.9918,0.99826,1,0.995,0.99391,0.16877,0.06823,0.16474,0.88873,0,0.0009142,0.0009142,0.0009142
15,417.931,0.29678,0.19775,0.22601,0.86088,0,0.9859,0.99876,0.99486,0.98644,0.9859,0.99876,0.99486,0.98738,0.20482,0.08983,0.1734,0.90808,0,0.0009076,0.0009076,0.0009076
16,446.096,0.29735,0.206,0.22353,0.86581,0,0.9991,1,0.995,0.98644,0.9991,1,0.995,0.992,0.21984,0.07686,0.21178,0.92138,0,0.000901,0.000901,0.000901
17,474.232,0.29561,0.19487,0.22139,0.8619,0,0.9992,1,0.995,0.98593,0.9992,1,0.995,0.98793,0.16362,0.08154,0.15073,0.89443,0,0.0008944,0.0008944,0.0008944
18,502.373,0.29233,0.19275,0.22066,0.8626,0,0.99912,1,0.995,0.98887,0.99912,1,0.995,0.99289,0.18274,0.07529,0.16129,0.89585,0,0.0008878,0.0008878,0.0008878
19,530.606,0.28429,0.17304,0.2205,0.86114,0,0.99914,1,0.995,0.98974,0.99914,1,0.995,0.99087,0.17426,0.07154,0.16675,0.89326,0,0.0008812,0.0008812,0.0008812
20,558.996,0.27708,0.19393,0.20856,0.86445,0,0.99909,1,0.995,0.995,0.99909,1,0.995,0.995,0.17195,0.06894,0.14782,0.88508,0,0.0008746,0.0008746,0.0008746
21,587.499,0.27627,0.18758,0.20906,0.86155,0,0.99922,1,0.995,0.99183,0.99922,1,0.995,0.99183,0.14492,0.07278,0.13109,0.88226,0,0.000868,0.000868,0.000868
22,615.834,0.27924,0.19952,0.20985,0.86047,0,0.99936,1,0.995,0.98888,0.99936,1,0.995,0.99091,0.19802,0.07892,0.14951,0.91248,0,0.0008614,0.0008614,0.0008614
23,644.129,0.28339,0.1793,0.21445,0.8637,0,0.99873,1,0.995,0.99183,0.99873,1,0.995,0.993,0.15204,0.0645,0.15554,0.87845,0,0.0008548,0.0008548,0.0008548
24,672.481,0.28244,0.19609,0.21149,0.85592,0,0.99909,1,0.995,0.99248,0.99909,1,0.995,0.995,0.15461,0.06599,0.15692,0.87941,0,0.0008482,0.0008482,0.0008482
25,700.787,0.28242,0.17909,0.20957,0.85784,0,0.99856,1,0.995,0.99247,0.99856,1,0.995,0.99034,0.15877,0.07168,0.16294,0.88426,0,0.0008416,0.0008416,0.0008416
26,729.182,0.27242,0.17267,0.20638,0.85518,0,0.99917,1,0.995,0.99271,0.99917,1,0.995,0.98982,0.1853,0.07634,0.14936,0.88848,0,0.000835,0.000835,0.000835
27,757.627,0.26545,0.1801,0.19632,0.85553,0,0.98534,1,0.99387,0.9909,0.98534,1,0.99387,0.99187,0.1416,0.0706,0.14011,0.87424,0,0.0008284,0.0008284,0.0008284
28,786.338,0.27865,0.18565,0.20171,0.85796,0,0.98506,1,0.99486,0.98866,0.98506,1,0.99486,0.99283,0.13824,0.0673,0.12977,0.87602,0,0.0008218,0.0008218,0.0008218
29,814.792,0.27333,0.16985,0.20986,0.8586,0,0.99923,1,0.995,0.99074,0.99923,1,0.995,0.992,0.14398,0.05896,0.13092,0.8769,0,0.0008152,0.0008152,0.0008152
30,843.195,0.26507,0.1747,0.1934,0.85466,0,0.9982,0.98571,0.99229,0.98792,1,0.99907,0.995,0.98846,0.17185,0.06512,0.13482,0.89881,0,0.0008086,0.0008086,0.0008086
31,871.657,0.26363,0.17054,0.19901,0.85704,0,0.99602,0.98571,0.99119,0.98872,0.99602,0.98571,0.99119,0.98757,0.13059,0.0847,0.17571,0.87503,0,0.000802,0.000802,0.000802
32,900.19,0.26029,0.17299,0.19404,0.85586,0,0.9991,1,0.995,0.98785,0.9991,1,0.995,0.98927,0.13033,0.06746,0.11586,0.87938,0,0.0007954,0.0007954,0.0007954
33,928.77,0.26032,0.17003,0.19251,0.85407,0,0.99926,1,0.995,0.994,0.99926,1,0.995,0.99373,0.13434,0.10484,0.11284,0.87486,0,0.0007888,0.0007888,0.0007888
34,957.233,0.26042,0.17098,0.19304,0.85725,0,0.99913,1,0.995,0.98973,0.99913,1,0.995,0.9907,0.1368,0.07405,0.13578,0.87821,0,0.0007822,0.0007822,0.0007822
35,985.818,0.25717,0.16553,0.18876,0.85278,0,1,0.9991,0.995,0.98945,1,0.9991,0.995,0.989,0.12877,0.07315,0.14101,0.86893,0,0.0007756,0.0007756,0.0007756
36,1014.39,0.26132,0.17192,0.18639,0.85692,0,0.99809,1,0.995,0.99386,0.99809,1,0.995,0.995,0.12644,0.06253,0.1185,0.87019,0,0.000769,0.000769,0.000769
37,1042.91,0.26358,0.17381,0.19117,0.85365,0,0.99923,1,0.995,0.99273,0.99923,1,0.995,0.995,0.12269,0.05429,0.11987,0.86953,0,0.0007624,0.0007624,0.0007624
38,1071.99,0.25231,0.17315,0.18202,0.85006,0,0.98453,0.98571,0.99087,0.98992,0.98453,0.98571,0.99087,0.98992,0.11683,0.06539,0.15056,0.8689,0,0.0007558,0.0007558,0.0007558
39,1100.55,0.25486,0.16989,0.18461,0.8503,0,0.99587,1,0.995,0.99079,0.99587,1,0.995,0.99044,0.12494,0.06244,0.21465,0.87773,0,0.0007492,0.0007492,0.0007492
40,1129.18,0.24916,0.16739,0.18554,0.85206,0,0.99852,1,0.995,0.98971,0.99852,1,0.995,0.99094,0.13278,0.06301,0.15662,0.88597,0,0.0007426,0.0007426,0.0007426
41,1157.79,0.24507,0.16537,0.18422,0.84398,0,0.99925,1,0.995,0.99291,0.99925,1,0.995,0.995,0.14901,0.06292,0.13527,0.88187,0,0.000736,0.000736,0.000736
42,1186.39,0.25179,0.16691,0.18146,0.84812,0,0.9991,1,0.995,0.99272,0.9991,1,0.995,0.995,0.1125,0.07287,0.10875,0.86813,0,0.0007294,0.0007294,0.0007294
43,1215.21,0.24548,0.16068,0.17591,0.8503,0,0.99938,1,0.995,0.994,0.99938,1,0.995,0.99288,0.12005,0.06601,0.11629,0.8698,0,0.0007228,0.0007228,0.0007228
44,1243.7,0.23979,0.16397,0.17668,0.85189,0,0.99902,1,0.995,0.991,0.99902,1,0.995,0.992,0.12931,0.0643,0.13278,0.88276,0,0.0007162,0.0007162,0.0007162
45,1272.42,0.24142,0.16319,0.17658,0.8432,0,0.99924,1,0.995,0.99071,0.99924,1,0.995,0.98942,0.11289,0.06462,0.11994,0.86952,0,0.0007096,0.0007096,0.0007096
46,1301.08,0.24835,0.16563,0.17781,0.85034,0,0.99898,1,0.995,0.99394,0.99898,1,0.995,0.99343,0.12043,0.0731,0.12203,0.86687,0,0.000703,0.000703,0.000703
47,1329.57,0.24954,0.17476,0.17918,0.84907,0,0.99938,1,0.995,0.991,0.99938,1,0.995,0.991,0.13372,0.06896,0.11657,0.87054,0,0.0006964,0.0006964,0.0006964
48,1358.6,0.233,0.15649,0.16767,0.84551,0,1,0.9981,0.995,0.991,1,0.9981,0.995,0.98999,0.1162,0.07453,0.10948,0.86549,0,0.0006898,0.0006898,0.0006898
49,1387.72,0.23527,0.17402,0.16683,0.84909,0,0.99919,1,0.995,0.992,0.99919,1,0.995,0.991,0.10894,0.06192,0.1027,0.86595,0,0.0006832,0.0006832,0.0006832
50,1418.56,0.22875,0.14967,0.16737,0.84656,0,0.99484,1,0.995,0.995,0.99484,1,0.995,0.99377,0.11122,0.07868,0.11517,0.865,0,0.0006766,0.0006766,0.0006766
